,master_id
11,c2e15af2-9eed-11e9-9897-000d3a38a36f
60,07ddfcfe-2590-11ea-b1c8-000d3a38a36f
74,8423eda8-ae37-11e9-a2fc-000d3a38a36f
77,45beaf52-add9-11e9-a2fc-000d3a38a36f
80,b4f0a6e6-ae60-11e9-a2fc-000d3a38a36f
109,804e7e88-18fd-11ea-9213-000d3a38a36f
164,de6b47a4-a065-11ea-9d0a-000d3a38a36f
198,409e63de-5bc9-11ea-82af-000d3a38a36f
206,33be441a-b11d-11e9-9757-000d3a38a36f
216,0ec13106-5bb1-11ea-a359-000d3a38a36f
230,2749330a-ff21-11e9-a5e8-000d3a38a36f
254,71579c58-b0d3-11e9-9757-000d3a38a36f
265,a04dd5b8-ac9b-11e9-a2fc-000d3a38a36f
271,66f9273e-a80b-11e9-a2fc-000d3a38a36f
277,2c0b3d24-aa68-11e9-a2fc-000d3a38a36f
376,bd31c6ca-abd4-11e9-a2fc-000d3a38a36f
378,35ffaf42-1faa-11ea-87bf-000d3a38a36f
381,d4fdf864-2852-11ea-b87a-000d3a38a36f
386,37aad97e-af62-11e9-a2fc-000d3a38a36f
391,827b451a-a7b5-11e9-a2fc-000d3a38a36f
441,bc81170e-5b32-11ea-a607-000d3a38a36f
445,5d841dbe-542a-11ea-b1db-000d3a38a36f
466,26503e2a-7916-11ea-bf74-000d3a38a36f
470,0bc73304-9e3a-11e9-9897-000d3a38a36f
477,41b77c6e-b044-11e9-9757-000d3a38a36f
484,73800bb4-a453-11e9-a2fc-000d3a38a36f
502,d90b2df6-118b-11ea-a334-000d3a38a36f
523,cc66048c-a871-11e9-a2fc-000d3a38a36f
534,f20c2398-b0b3-11e9-9757-000d3a38a36f
615,b34b2b36-a3ed-11e9-a2fc-000d3a38a36f
623,abd46336-a84d-11e9-a2fc-000d3a38a36f
632,56ab80aa-227e-11ea-8523-000d3a38a36f
642,5e2eb24e-9f10-11e9-9897-000d3a38a36f
645,50abe676-a2dc-11e9-a2fc-000d3a38a36f
647,1c62422a-af70-11e9-a2fc-000d3a38a36f
676,41f35f2a-1892-11ea-9213-000d3a38a36f
804,83dc4c02-d80f-11ea-aee7-000d3a38a36f
814,03d21590-2622-11ea-8e1c-000d3a38a36f
838,c82f67e0-b196-11e9-89fa-000d3a38a36f
872,45b2afd0-aa7e-11e9-a2fc-000d3a38a36f
911,9fa36baa-ff1b-11e9-a5e8-000d3a38a36f
933,81af7e74-ac44-11e9-a2fc-000d3a38a36f
935,092f4294-15ea-11ea-aa74-000d3a38a36f
942,29551d80-a102-11e9-a2fc-000d3a38a36f
953,d0efdb4a-d6ac-11e9-93bc-000d3a38a36f
973,a25170ce-a915-11e9-a2fc-000d3a38a36f
977,4f05aac8-5443-11ea-b1db-000d3a38a36f
1011,e894efa4-6cb2-11eb-b5d7-000d3a38a36f
1039,1f753698-a29b-11e9-a2fc-000d3a38a36f
1052,77544dfe-5209-11ea-a243-000d3a38a36f
1056,e792f9e2-ab44-11e9-a2fc-000d3a38a36f
1057,15ee9da4-2bed-11ea-91ab-000d3a38a36f
1078,df760a84-ab25-11e9-a2fc-000d3a38a36f
1124,4ba17d88-632c-11ea-a6dc-000d3a38a36f
1128,ed8424ee-5bdd-11ea-9134-000d3a38a36f
1133,2716ec90-b0ae-11e9-9757-000d3a38a36f
1137,eb14a074-9d1c-11e9-9897-000d3a38a36f
1154,9e4c40ca-b1a4-11e9-89fa-000d3a38a36f
1203,24bc45b4-001b-11ea-a5e8-000d3a38a36f
1271,e29da59c-ac91-11e9-a2fc-000d3a38a36f
1296,e7a81a94-1e8e-11ea-aa32-000d3a38a36f
1304,25e14e82-ad3f-11e9-a2fc-000d3a38a36f
1323,1df22bd2-8549-11ea-80af-000d3a38a36f
1354,e5909f72-b1a3-11e9-89fa-000d3a38a36f
1362,14c8d648-ab36-11e9-a2fc-000d3a38a36f
1383,43378bf6-6183-11ea-8dd8-000d3a38a36f
1384,23a7cedc-a756-11e9-a2fc-000d3a38a36f
1391,144423c0-5fc8-11ea-8dd8-000d3a38a36f
1438,09752d72-5bc7-11ea-b2fe-000d3a38a36f
1447,118dc37e-a0c5-11e9-a2fc-000d3a38a36f
1482,ea12f0ba-5b06-11ea-8952-000d3a38a36f
1519,465a330e-b1c2-11e9-89fa-000d3a38a36f
1528,c23b2532-47db-11ea-b6c0-000d3a38a36f
1565,e95ea38a-bd67-11ea-aa61-000d3a38a36f
1566,a612b4ce-1ed2-11ea-81ff-000d3a38a36f
1574,f2affcfc-f186-11e9-9346-000d3a38a36f
1584,bf4aa336-26af-11ea-aaaa-000d3a38a36f
1669,b9bdb0f4-e5de-11ea-b769-000d3a38a36f
1733,15149424-afb5-11e9-9757-000d3a38a36f
1751,5e366b10-a933-11e9-a2fc-000d3a38a36f
1792,c1262d78-a5aa-11e9-a2fc-000d3a38a36f
1805,56c02e18-9e8c-11e9-9897-000d3a38a36f
1871,6a381462-a8a3-11e9-a2fc-000d3a38a36f
1920,7f709fd8-4872-11ea-b6c0-000d3a38a36f
1945,87842f2e-5b27-11ea-866a-000d3a38a36f
1986,82c311d6-b081-11e9-9757-000d3a38a36f
1991,2b5a642a-d0ca-11ea-8b59-000d3a38a36f
2020,a57f1c64-a36c-11e9-a2fc-000d3a38a36f
2024,5b8a548a-a94c-11e9-a2fc-000d3a38a36f
2028,cac30bb2-6256-11ea-9861-000d3a38a36f
2040,806102f2-b18c-11e9-89fa-000d3a38a36f
2044,59a77d84-d347-11ea-9838-000d3a38a36f
2049,b56da3a2-b08c-11e9-9757-000d3a38a36f
2060,3a2a6c48-526c-11ea-956d-000d3a38a36f
2079,0785c324-ac08-11e9-a2fc-000d3a38a36f
2082,0b49700a-aab4-11e9-a2fc-000d3a38a36f
2127,7532d41c-b0f8-11e9-9757-000d3a38a36f
2149,24e237de-c4f0-11ea-98f7-000d3a38a36f
2168,401dfc90-1c5d-11ea-a490-000d3a38a36f
2173,0ba1a728-2941-11ea-b87a-000d3a38a36f
2178,e5b0b9d8-a8e3-11e9-a2fc-000d3a38a36f
2192,5751097a-51c8-11ea-a243-000d3a38a36f
2246,169d1518-9d6e-11e9-9897-000d3a38a36f
2247,69370486-c4e2-11ea-98f7-000d3a38a36f
2262,0d0f0c2c-a77d-11e9-a2fc-000d3a38a36f
2293,87d5b018-47ba-11ea-b6c0-000d3a38a36f
2303,3e3ec7ea-6395-11ea-a6dc-000d3a38a36f
2309,94eb5554-1e26-11ea-8bf2-000d3a38a36f
2370,b43c507a-21b3-11eb-b361-000d3a38a36f
2401,1e4fcad2-a57d-11e9-a2fc-000d3a38a36f
2420,f4ecfc9c-ff08-11e9-a5e8-000d3a38a36f
2429,9b24334e-4344-11ea-8b43-000d3a38a36f
2473,aa4478fa-1f01-11ea-81ff-000d3a38a36f
2493,b38f5768-44f8-11eb-806e-000d3a38a36f
2501,bfbd19d4-1345-11ea-a001-000d3a38a36f
2503,c8d84d00-a300-11e9-a2fc-000d3a38a36f
2538,6db8ccc2-5b3a-11ea-a1d3-000d3a38a36f
2550,ba7f6cac-a6bb-11e9-a2fc-000d3a38a36f
2558,1cd76924-b105-11e9-9757-000d3a38a36f
2568,33f5df80-beb2-11ea-958c-000d3a38a36f
2573,fa026d5e-2d69-11ea-827e-000d3a38a36f
2636,1846dc22-2a69-11ea-b3a7-000d3a38a36f
2647,8aa12f2a-5200-11ea-a243-000d3a38a36f
2693,4524186a-263d-11eb-8a9b-000d3a38a36f
2707,06332314-abb2-11e9-a2fc-000d3a38a36f
2724,5bbd0da0-543a-11ea-b1db-000d3a38a36f
2870,a694aa4e-5bb6-11ea-839c-000d3a38a36f
2900,fd96cc1e-1e8a-11ea-aa32-000d3a38a36f
2927,a3976a58-b1fb-11e9-89fa-000d3a38a36f
2968,06bb3668-a79e-11e9-a2fc-000d3a38a36f
2979,de361ef4-cff3-11ea-a8f0-000d3a38a36f
3017,ee90490e-e449-11ea-b769-000d3a38a36f
3019,5a005cce-5bd8-11ea-aa96-000d3a38a36f
3023,a1d30df0-644b-11ea-a6dc-000d3a38a36f
3042,52dde23c-a8bd-11e9-a2fc-000d3a38a36f
3072,f295c670-aa73-11e9-a2fc-000d3a38a36f
3100,c19a7a0c-b121-11e9-9757-000d3a38a36f
3157,25a05fe6-5a84-11eb-9e65-000d3a38a36f
3167,6d61e6fc-c901-11ea-ac0a-000d3a38a36f
3183,c6c23842-2a6d-11ea-b3a7-000d3a38a36f
3192,809e09ec-ae1a-11e9-a2fc-000d3a38a36f
3274,c2984396-d622-11e9-93bc-000d3a38a36f
3281,6deee280-afc3-11e9-9757-000d3a38a36f
3295,e67065b2-a794-11e9-a2fc-000d3a38a36f
3298,b79bfb54-a2bf-11e9-a2fc-000d3a38a36f
3313,65efb32a-1afd-11ea-98d5-000d3a38a36f
3328,44e865fa-aa19-11e9-a2fc-000d3a38a36f
3359,efec49ea-a2d9-11e9-a2fc-000d3a38a36f
3402,60c1d414-af5a-11e9-a2fc-000d3a38a36f
3408,095d3f44-a922-11e9-a2fc-000d3a38a36f
3452,580c5a02-cc31-11ea-ac21-000d3a38a36f
3460,d18212f0-9ec4-11e9-9897-000d3a38a36f
3466,125df420-b067-11e9-9757-000d3a38a36f
3475,ab46296a-ab34-11e9-a2fc-000d3a38a36f
3477,a1f47852-aa90-11e9-a2fc-000d3a38a36f
3607,270f29c2-a5ca-11e9-a2fc-000d3a38a36f
3621,da68b2e8-544f-11ea-b1db-000d3a38a36f
3646,2da98f66-b150-11e9-9757-000d3a38a36f
3652,38017322-119d-11ea-846f-000d3a38a36f
3666,ca27d9ce-8800-11ea-ace9-000d3a38a36f
3673,801990de-aaf7-11e9-a2fc-000d3a38a36f
3693,8ee34bc0-ad39-11e9-a2fc-000d3a38a36f
3699,ec236462-9d8c-11e9-9897-000d3a38a36f
3734,d6ed35f0-aa3e-11e9-a2fc-000d3a38a36f
3765,ace4aabc-a5c6-11e9-a2fc-000d3a38a36f
3778,835a8a74-421c-11eb-806e-000d3a38a36f
3787,3e17d4c8-ff27-11e9-a5e8-000d3a38a36f
3879,b43a543e-5b96-11ea-a3e9-000d3a38a36f
3881,7e1e5652-9f21-11e9-9897-000d3a38a36f
3892,97eadce4-ae31-11e9-a2fc-000d3a38a36f
3898,5206dbb2-2a3f-11ea-99b3-000d3a38a36f
3905,b5c411e6-a27d-11e9-a2fc-000d3a38a36f
3918,cb5f12f6-5b39-11ea-b0ec-000d3a38a36f
3996,715f95a2-9f94-11e9-a2fc-000d3a38a36f
4008,b4f0ff00-1dba-11ea-8bf2-000d3a38a36f
4039,7f72c466-aef8-11e9-a2fc-000d3a38a36f
4047,1e0fb500-9dee-11e9-9897-000d3a38a36f
4056,509cff2e-9ca7-11ea-a27a-000d3a38a36f
4074,fca2ba6c-ab34-11e9-a2fc-000d3a38a36f
4079,92579b54-9f96-11e9-a2fc-000d3a38a36f
4107,ecf381a2-5f9b-11ea-8dd8-000d3a38a36f
4138,a2a3d026-aa00-11e9-a2fc-000d3a38a36f
4157,7eed6468-4540-11ea-acaf-000d3a38a36f
4168,133da2c6-a8cb-11e9-a2fc-000d3a38a36f
4231,9f0272c0-1863-11ea-9213-000d3a38a36f
4235,601444b2-13b7-11eb-8ffc-000d3a38a36f
4241,e6b2df66-5bd3-11ea-bbc4-000d3a38a36f
4256,8722946e-aa04-11e9-a2fc-000d3a38a36f
4262,9676e250-2086-11ea-87bf-000d3a38a36f
4271,5839faaa-edea-11e9-88c1-000d3a38a36f
4309,4155817e-606d-11ea-8dd8-000d3a38a36f
4318,3cdc03c4-a20f-11e9-a2fc-000d3a38a36f
4331,d477e3f6-f42b-11e9-9346-000d3a38a36f
4338,db4e60d8-d991-11e9-93bc-000d3a38a36f
4386,4ebdb7c6-5b2e-11ea-975c-000d3a38a36f
4430,2324d120-4229-11eb-806e-000d3a38a36f
4447,67d620c2-aadf-11e9-a2fc-000d3a38a36f
4450,ff0c5be4-d6c4-11e9-93bc-000d3a38a36f
4502,c9775e70-b072-11e9-9757-000d3a38a36f
4533,e09980d2-a3a8-11e9-a2fc-000d3a38a36f
4582,14e0d57e-b110-11e9-9757-000d3a38a36f
4585,024da65a-5b36-11ea-b7e2-000d3a38a36f
4638,17e631d6-1959-11ea-b6a2-000d3a38a36f
4676,5ffe4b62-31bc-11eb-860c-000d3a38a36f
4693,a61888aa-a339-11e9-a2fc-000d3a38a36f
4699,a80e3c10-aa7b-11e9-a2fc-000d3a38a36f
4703,3932c74e-aecb-11e9-a2fc-000d3a38a36f
4717,b458b43a-2197-11ea-9618-000d3a38a36f
4718,c0ce17be-a0f0-11e9-a2fc-000d3a38a36f
4724,8aaeaac0-9e95-11e9-9897-000d3a38a36f
4738,fe3278f6-5be0-11ea-82b1-000d3a38a36f
4740,ea46a2dc-4158-11eb-806e-000d3a38a36f
4772,8fe6ab0e-1ce0-11ea-a490-000d3a38a36f
4788,02dad82c-abaa-11e9-a2fc-000d3a38a36f
4842,1c2fc692-765d-11ea-b23f-000d3a38a36f
4874,f5e59c82-2b52-11ea-9d27-000d3a38a36f
4878,ad872c6e-611a-11ea-8dd8-000d3a38a36f
4890,371dee96-a5b3-11e9-a2fc-000d3a38a36f
4918,584bfc60-7510-11eb-afbc-000d3a38a36f
4964,676c6c5c-ae74-11e9-a2fc-000d3a38a36f
4969,5a7fdc42-b1c9-11e9-89fa-000d3a38a36f
4978,530072b4-aa72-11e9-a2fc-000d3a38a36f
5020,9775e1ae-acf7-11e9-a2fc-000d3a38a36f
5033,f9677a32-aa4d-11e9-a2fc-000d3a38a36f
5040,a99d6eaa-ae15-11e9-a2fc-000d3a38a36f
5067,f3574db6-1a5f-11ea-941b-000d3a38a36f
5112,ea5bb706-5bc8-11ea-8f9f-000d3a38a36f
5116,7494a1fc-5bd4-11ea-bac6-000d3a38a36f
5135,49270968-9fa7-11e9-a2fc-000d3a38a36f
5154,8ed799d0-5ba1-11ea-a035-000d3a38a36f
5230,5285547c-9d6a-11e9-9897-000d3a38a36f
5303,74fa83b0-5327-11ea-acd3-000d3a38a36f
5346,771e7bb6-94a8-11ea-85df-000d3a38a36f
5347,0c7849ac-8bf4-11ea-8ec0-000d3a38a36f
5370,219069da-15ef-11ea-aa74-000d3a38a36f
5387,de9b1afc-a853-11e9-a2fc-000d3a38a36f
5406,767df00a-5bd8-11ea-a3f5-000d3a38a36f
5407,307e72f4-7ca4-11ea-80af-000d3a38a36f
5417,03be2542-52f7-11ea-9ade-000d3a38a36f
5443,0db76982-1a12-11ea-941b-000d3a38a36f
5457,78566b7e-174e-11ea-9213-000d3a38a36f
5465,f9561e98-6741-11ea-9d38-000d3a38a36f
5494,c7811fa8-a5db-11e9-a2fc-000d3a38a36f
5553,f66114fa-a0d5-11e9-a2fc-000d3a38a36f
5602,ae0eeb78-b1f6-11e9-89fa-000d3a38a36f
5618,98d715e0-ac66-11e9-a2fc-000d3a38a36f
5625,7829ae12-21d1-11ea-9618-000d3a38a36f
5628,3ac02b86-aa5e-11e9-a2fc-000d3a38a36f
5629,9430dc66-49d1-11ea-8a4f-000d3a38a36f
5670,2b73089e-a3e0-11e9-a2fc-000d3a38a36f
5706,12d469b0-e213-11e9-957d-000d3a38a36f
5711,1fafacc6-b040-11e9-9757-000d3a38a36f
5739,9cab9c5c-9eb2-11e9-9897-000d3a38a36f
5746,6083756a-66a3-11ea-82da-000d3a38a36f
5758,54c8bc6c-2b11-11ea-9d27-000d3a38a36f
5775,e31293ac-d63a-11e9-93bc-000d3a38a36f
5811,a71e6628-b065-11e9-9757-000d3a38a36f
5820,dda56166-2161-11ea-9618-000d3a38a36f
5845,de77fd6a-211b-11ea-b50a-000d3a38a36f
5886,d32e00bc-7daf-11ea-80af-000d3a38a36f
5931,8e00b4ec-6b37-11ea-9c62-000d3a38a36f
5978,84e1550c-6bb3-11ea-9c62-000d3a38a36f
6028,9bc062fa-9de0-11e9-9897-000d3a38a36f
6035,cdbc8e36-5209-11ea-a243-000d3a38a36f
6045,27df9380-2a82-11eb-b280-000d3a38a36f
6046,93451152-ac5e-11e9-a2fc-000d3a38a36f
6057,1ce4434a-a4ff-11e9-a2fc-000d3a38a36f
6077,86672bec-ad89-11e9-a2fc-000d3a38a36f
6108,e93853a8-a54c-11e9-a2fc-000d3a38a36f
6174,2b65a254-2f76-11ea-bb80-000d3a38a36f
6189,b2905706-268e-11ea-b9a0-000d3a38a36f
6218,bdda5b42-a4a8-11e9-a2fc-000d3a38a36f
6254,296c8d00-9b28-11ea-a27a-000d3a38a36f
6273,9c290696-ae2c-11e9-a2fc-000d3a38a36f
6370,6c190924-13d0-11ea-a001-000d3a38a36f
6378,eb392556-a2a9-11e9-a2fc-000d3a38a36f
6395,ad964a0c-8ef9-11ea-8f41-000d3a38a36f
6416,f2964aa8-ac69-11e9-a2fc-000d3a38a36f
6425,ae9df5d0-5b91-11ea-8d81-000d3a38a36f
6430,b8fb6710-187f-11ea-9213-000d3a38a36f
6434,c1ba83aa-3043-11ea-bb28-000d3a38a36f
6469,036d9bda-aa0b-11e9-a2fc-000d3a38a36f
6470,35d49358-bbb7-11ea-a0c9-000d3a38a36f
6484,ec547c8c-bd11-11ea-aa61-000d3a38a36f
6499,19bad9e0-49cd-11ea-8a4f-000d3a38a36f
6511,ef2e5b50-a46a-11e9-a2fc-000d3a38a36f
6548,dc438930-6097-11eb-9b71-000d3a38a36f
6565,07d80f42-a8cc-11e9-a2fc-000d3a38a36f
6569,4df89aaa-11ef-11ea-916f-000d3a38a36f
6589,05cf1692-9b82-11ea-a27a-000d3a38a36f
6599,55e898a4-9e28-11e9-9897-000d3a38a36f
6637,a26a6da0-aa45-11e9-a2fc-000d3a38a36f
6638,439fbe44-a0ed-11e9-a2fc-000d3a38a36f
6647,0d25e32a-a278-11e9-a2fc-000d3a38a36f
6666,53fe00d4-7b7a-11eb-960b-000d3a38a36f
6673,f2c8adde-aa72-11e9-a2fc-000d3a38a36f
6677,f227f716-2940-11ea-b87a-000d3a38a36f
6712,173d1a20-b053-11e9-9757-000d3a38a36f
6714,9a0a8ff6-dfb8-11ea-9c1f-000d3a38a36f
6791,00b3ee24-aa44-11e9-a2fc-000d3a38a36f
6812,ecd961cc-89fd-11eb-bf0a-000d3a38a36f
6829,4393e1d0-cf51-11ea-a8f0-000d3a38a36f
6863,eeef856e-8e53-11ea-8f41-000d3a38a36f
6867,11127778-a7cd-11e9-a2fc-000d3a38a36f
6882,f6036cfa-1ec6-11ea-aa32-000d3a38a36f
6891,f0ceda64-aabb-11e9-a2fc-000d3a38a36f
6937,ce58b102-a819-11e9-a2fc-000d3a38a36f
6958,555fdf04-a707-11e9-a2fc-000d3a38a36f
6974,8b4e86be-bb98-11ea-aed7-000d3a38a36f
6988,a4dcff38-a8a3-11e9-a2fc-000d3a38a36f
7018,075b1fbe-fd68-11e9-a5e8-000d3a38a36f
7026,383a4c1a-63c8-11ea-a6dc-000d3a38a36f
7036,9d362dca-52f5-11ea-9ade-000d3a38a36f
7056,5ea1c060-9495-11ea-85df-000d3a38a36f
7069,339f9360-1d0d-11ea-a490-000d3a38a36f
7100,2716549e-acfb-11e9-a2fc-000d3a38a36f
7122,550d072e-d610-11e9-93bc-000d3a38a36f
7150,c9f81f1e-a82b-11e9-a2fc-000d3a38a36f
7164,8d8b1abe-233b-11ea-8523-000d3a38a36f
7178,f61c7998-642b-11ea-a6dc-000d3a38a36f
7193,0c2a123a-136a-11ea-a001-000d3a38a36f
7198,f62a6b7c-b074-11e9-9757-000d3a38a36f
7217,db39ae26-a85a-11e9-a2fc-000d3a38a36f
7218,88d88786-00ae-11ea-a5e8-000d3a38a36f
7223,cba59206-9dd1-11e9-9897-000d3a38a36f
7258,ffdd5eb8-aee9-11e9-a2fc-000d3a38a36f
7264,e18e8a5c-a1d0-11e9-a2fc-000d3a38a36f
7273,d4893942-a96e-11e9-a2fc-000d3a38a36f
7276,9dcfc116-21d5-11ea-9618-000d3a38a36f
7312,90befc98-925a-11eb-b584-000d3a38a36f
7330,a4d534a2-5b1b-11eb-8dbd-000d3a38a36f
7352,d3e18134-af9f-11e9-a2fc-000d3a38a36f
7353,76124e8e-260b-11ea-8e1c-000d3a38a36f
7357,38777c26-2899-11ea-b87a-000d3a38a36f
7394,24fff042-ac6b-11e9-a2fc-000d3a38a36f
7402,de6f78f0-5bec-11ea-9cd0-000d3a38a36f
7433,59547892-1929-11ea-b6a2-000d3a38a36f
7448,c852778a-aca5-11e9-a2fc-000d3a38a36f
7456,c838ae38-a9ba-11e9-a2fc-000d3a38a36f
7477,02a5bc6c-d663-11e9-93bc-000d3a38a36f
7479,781307c8-c782-11ea-b185-000d3a38a36f
7480,e9b38e34-af9b-11e9-a2fc-000d3a38a36f
7503,299131ce-7089-11ea-8369-000d3a38a36f
7519,84130b14-12b9-11ea-a001-000d3a38a36f
7529,7840fbb2-53c2-11ea-abe0-000d3a38a36f
7548,1766bb66-a72d-11e9-a2fc-000d3a38a36f
7587,089c0324-a5a8-11e9-a2fc-000d3a38a36f
7588,dcb8c314-115e-11ea-8872-000d3a38a36f
7598,c9261b50-9dbc-11e9-9897-000d3a38a36f
7612,f5b8e126-d6fa-11e9-93bc-000d3a38a36f
7613,73fd19aa-9e37-11e9-9897-000d3a38a36f
7617,42c50160-af4a-11eb-bbf8-000d3a38a36f
7619,f5735216-fc05-11e9-b138-000d3a38a36f
7629,f546b86e-9ecc-11e9-9897-000d3a38a36f
7643,d09001bc-a104-11e9-a2fc-000d3a38a36f
7649,e2d8a29e-f400-11e9-9346-000d3a38a36f
7688,2231fde6-7453-11ea-92d0-000d3a38a36f
7722,ae111e7e-d6b9-11e9-93bc-000d3a38a36f
7759,3d8efdfa-a26b-11ea-9c18-000d3a38a36f
7782,ceacd3fe-5b42-11ea-834b-000d3a38a36f
7804,fd48fccc-f8ac-11e9-b138-000d3a38a36f
7813,05f7bffa-527d-11ea-825c-000d3a38a36f
7820,226af3ee-705c-11ea-8369-000d3a38a36f
7835,a4ae1f76-008a-11ea-a5e8-000d3a38a36f
7849,3f353204-adad-11e9-a2fc-000d3a38a36f
7855,129577d6-bde2-11ea-aa61-000d3a38a36f
7869,a610d59c-a839-11e9-a2fc-000d3a38a36f
7900,3e60d88c-ac55-11e9-a2fc-000d3a38a36f
7969,139be856-ac57-11e9-a2fc-000d3a38a36f
7972,d9a52af4-ffb2-11e9-a5e8-000d3a38a36f
8003,dd270486-acf1-11e9-a2fc-000d3a38a36f
8008,9b0bfa24-a8ec-11e9-a2fc-000d3a38a36f
8087,0451d312-9d96-11e9-9897-000d3a38a36f
8089,57d7359c-f1d5-11ea-bde9-000d3a38a36f
8134,cc2a97f2-afb6-11e9-9757-000d3a38a36f
8188,6034dce8-9e12-11e9-9897-000d3a38a36f
8189,b9f16aaa-d6b4-11e9-93bc-000d3a38a36f
8238,977e3356-b015-11e9-9757-000d3a38a36f
8239,cddaf0b6-a704-11e9-a2fc-000d3a38a36f
8248,9558f9be-2c05-11ea-91ab-000d3a38a36f
8327,464374a2-9131-11eb-bae6-000d3a38a36f
8328,1902bf80-0035-11eb-8341-000d3a38a36f
8340,fd26afb2-2031-11ea-87bf-000d3a38a36f
8376,50ec0c92-a7b4-11e9-a2fc-000d3a38a36f
8385,63b1b48a-2d38-11ea-827e-000d3a38a36f
8387,5343dc7e-9eca-11e9-9897-000d3a38a36f
8398,8aef0e40-a583-11e9-a2fc-000d3a38a36f
8399,df3c440e-a54c-11e9-a2fc-000d3a38a36f
8410,7d047a9e-d6b7-11e9-93bc-000d3a38a36f
8477,23bdcf3e-62a9-11ea-9861-000d3a38a36f
8479,2aa7b810-0186-11eb-9c30-000d3a38a36f
8547,3f4346c4-c502-11ea-a7eb-000d3a38a36f
8575,e40c9932-a55d-11e9-a2fc-000d3a38a36f
8598,f5f2f0f6-a332-11e9-a2fc-000d3a38a36f
8632,e69971c8-a901-11e9-a2fc-000d3a38a36f
8641,0b081d38-5baa-11ea-b2b6-000d3a38a36f
8646,c5266ee4-220d-11ea-ba6f-000d3a38a36f
8805,90376054-a8c2-11e9-a2fc-000d3a38a36f
8810,1348781e-134b-11ea-a001-000d3a38a36f
8813,d613ef44-9efd-11e9-9897-000d3a38a36f
8843,7708dc58-aa33-11e9-a2fc-000d3a38a36f
8883,a18e045e-acc6-11e9-a2fc-000d3a38a36f
8923,2c64f282-45b4-11ea-a691-000d3a38a36f
8943,9e3b315e-1865-11ea-9213-000d3a38a36f
8954,d4b9b434-22d9-11ea-8523-000d3a38a36f
8982,57cc02e4-745d-11ea-92d0-000d3a38a36f
8988,40064c40-60c7-11ea-8dd8-000d3a38a36f
9064,eff40cb2-5b51-11ea-b652-000d3a38a36f
9065,ac69bd96-6251-11ea-9d1a-000d3a38a36f
9121,ae7727da-a82b-11e9-a2fc-000d3a38a36f
9127,e07917fa-ac33-11e9-a2fc-000d3a38a36f
9143,bc2651dc-15e3-11ea-aa74-000d3a38a36f
9145,947cbd34-41c0-11ea-96d9-000d3a38a36f
9152,3058b3de-2141-11ea-9618-000d3a38a36f
9165,9cf8e3fa-affa-11e9-9757-000d3a38a36f
9167,82aea39c-1a47-11ea-941b-000d3a38a36f
9175,f84409fa-7ddc-11ea-80af-000d3a38a36f
9183,8add0d1c-b1a9-11e9-89fa-000d3a38a36f
9185,1c36f6f6-15e1-11ea-aa74-000d3a38a36f
9187,9fba8692-9f20-11e9-9897-000d3a38a36f
9244,3c47ee22-aeb8-11e9-a2fc-000d3a38a36f
9291,307e426a-a811-11e9-a2fc-000d3a38a36f
9340,dd118e16-a932-11e9-a2fc-000d3a38a36f
9344,e4a55064-2325-11ea-8523-000d3a38a36f
9376,77952bf6-a87e-11e9-a2fc-000d3a38a36f
9398,453ad8f8-ad34-11e9-a2fc-000d3a38a36f
9426,0aecfbf0-278f-11eb-8a9b-000d3a38a36f
9437,f1f19a3c-ff28-11e9-a5e8-000d3a38a36f
9445,5814d48c-af60-11e9-a2fc-000d3a38a36f
9448,8d4285ea-a3fe-11e9-a2fc-000d3a38a36f
9486,a7845020-a52b-11eb-ac6f-000d3a299ebf
9540,c5143122-9a60-11ea-9fd8-000d3a38a36f
9549,80e6a4b8-025b-11eb-9c30-000d3a38a36f
9555,bc7dbfa4-1835-11ea-9213-000d3a38a36f
9559,92a7498a-9d23-11e9-9897-000d3a38a36f
9582,319e5006-3481-11eb-9a15-000d3a38a36f
9634,e0307b9e-94b8-11ea-85df-000d3a38a36f
9640,64d3b70e-27b2-11ea-aaaa-000d3a38a36f
9688,662ffc0a-af9b-11e9-a2fc-000d3a38a36f
9705,9378a8e6-ab23-11e9-a2fc-000d3a38a36f
9720,3e230fec-5b51-11ea-9bb8-000d3a38a36f
9723,f4e7e9ea-ab99-11e9-a2fc-000d3a38a36f
9831,000c1fe2-a8b7-11ea-8479-000d3a38a36f
9888,a1acff92-9b2e-11ea-a27a-000d3a38a36f
9889,82b8513e-b125-11e9-9757-000d3a38a36f
9914,341a2dc6-590e-11eb-9e65-000d3a38a36f
9972,5928e776-b020-11e9-9757-000d3a38a36f
9977,85d16e5e-1a12-11ea-941b-000d3a38a36f
9991,24743d0c-284b-11ea-b87a-000d3a38a36f
9996,883b6e7e-a89d-11e9-a2fc-000d3a38a36f
10006,ff3414d8-53c7-11ea-abe0-000d3a38a36f
10047,44dcf946-5445-11ea-b1db-000d3a38a36f
10060,d7a921e8-ad45-11e9-a2fc-000d3a38a36f
10123,2ee679e4-aa2e-11e9-a2fc-000d3a38a36f
10147,e951de8a-a318-11e9-a2fc-000d3a38a36f
10158,a258260a-663c-11ea-82da-000d3a38a36f
10183,8bd7a4b8-f338-11e9-9346-000d3a38a36f
10189,db9fc5d0-fa6b-11ea-9564-000d3a38a36f
10218,94bb2e9a-9d09-11e9-9897-000d3a38a36f
10263,f206d722-b0b2-11e9-9757-000d3a38a36f
10290,6e5d40c6-b05a-11e9-9757-000d3a38a36f
10292,95caecb8-a34d-11e9-a2fc-000d3a38a36f
10305,7848a5dc-a996-11e9-a2fc-000d3a38a36f
10309,9ef05014-b133-11e9-9757-000d3a38a36f
10363,c6284e6a-ac98-11e9-a2fc-000d3a38a36f
10438,7dc4889a-28f4-11ea-b87a-000d3a38a36f
10440,1fa229f0-a110-11e9-a2fc-000d3a38a36f
10454,b9927d70-f120-11e9-9346-000d3a38a36f
10461,b908ac72-2310-11ea-8523-000d3a38a36f
10547,e0a1bc00-ef8a-11ea-bde9-000d3a38a36f
10573,70e044fa-aff7-11e9-9757-000d3a38a36f
10574,499410e6-e78f-11e9-8bb8-000d3a38a36f
10624,ee1a368e-8d3b-11ea-8f41-000d3a38a36f
10665,ec494a66-d7b0-11e9-93bc-000d3a38a36f
10668,f2408ce0-7918-11ea-bf74-000d3a38a36f
10686,d970786c-affe-11e9-9757-000d3a38a36f
10690,653dee10-a32f-11e9-a2fc-000d3a38a36f
10723,2bee01b8-b62a-11ea-b48c-000d3a38a36f
10731,83ad7dce-d878-11e9-93bc-000d3a38a36f
10733,92efa57a-a7fc-11e9-a2fc-000d3a38a36f
10737,7a1e133e-a4b3-11e9-a2fc-000d3a38a36f
10744,42401580-d6ad-11e9-93bc-000d3a38a36f
10801,182061ce-ad09-11e9-a2fc-000d3a38a36f
10826,becb54fc-a5c5-11e9-a2fc-000d3a38a36f
10842,d3ce2334-d62b-11e9-93bc-000d3a38a36f
10960,441c4e64-fcd2-11e9-a5e8-000d3a38a36f
10986,ee712bcc-9dd3-11e9-9897-000d3a38a36f
10994,8c6d8352-a112-11e9-a2fc-000d3a38a36f
10998,4ac45652-a8d7-11e9-a2fc-000d3a38a36f
11010,4cb4e632-f176-11ea-bde9-000d3a38a36f
11023,043fd458-5bcf-11ea-bd4d-000d3a38a36f
11040,fd9e0aca-b0a7-11e9-9757-000d3a38a36f
11043,58fc9ad0-9a04-11ea-a274-000d3a38a36f
11062,3e3bb2fe-ad50-11e9-a2fc-000d3a38a36f
11077,fc1bfbd4-1269-11ea-a001-000d3a38a36f
11084,131dee0c-aa21-11e9-a2fc-000d3a38a36f
11103,6dedf0ea-1b5d-11ea-9812-000d3a38a36f
11119,d8abe4fe-2991-11ea-b87a-000d3a38a36f
11131,090b0230-9d63-11e9-9897-000d3a38a36f
11150,5d1c466a-9cfd-11e9-9897-000d3a38a36f
11201,30cff25c-1f9b-11ea-87bf-000d3a38a36f
11249,2dbbff78-9a04-11ea-a274-000d3a38a36f
11271,d33a282e-4e48-11ea-99ba-000d3a38a36f
11449,097c3906-2a75-11ea-b3a7-000d3a38a36f
11524,3a40ddb8-238f-11ea-8523-000d3a38a36f
11525,07cf3fe2-bdcb-11ea-aa61-000d3a38a36f
11532,a6b9fc68-dfb5-11e9-957d-000d3a38a36f
11536,aaf8e712-9ee2-11e9-9897-000d3a38a36f
11542,9fa1f3e4-fd70-11e9-a5e8-000d3a38a36f
11552,4db60198-a1c0-11ea-9c18-000d3a38a36f
11564,9a9a156a-7f1c-11ea-80af-000d3a38a36f
11571,932eabce-a7b8-11e9-a2fc-000d3a38a36f
11609,fac5ea30-a7eb-11e9-a2fc-000d3a38a36f
11633,87609e04-ac6a-11e9-a2fc-000d3a38a36f
11700,447d0eec-cc12-11ea-b305-000d3a38a36f
11703,b62cf8f2-1837-11ea-9213-000d3a38a36f
11753,ce990b48-61e7-11ea-8dd8-000d3a38a36f
11803,fc36c880-230b-11ea-8523-000d3a38a36f
11830,cfccd954-b0e9-11e9-9757-000d3a38a36f
11831,34b076ca-ada0-11e9-a2fc-000d3a38a36f
11849,27187c3a-a4ed-11e9-a2fc-000d3a38a36f
11864,97040b12-49bc-11ea-8a4f-000d3a38a36f
11870,e906e982-5bd9-11ea-9c5c-000d3a38a36f
11888,3995ca66-9f11-11e9-9897-000d3a38a36f
11889,5d996ed2-712e-11ea-adca-000d3a38a36f
11903,aa9c39ae-62a5-11ea-9861-000d3a38a36f
11905,32db278a-5b3f-11ea-aed5-000d3a38a36f
11948,b4d950a8-127f-11ea-a001-000d3a38a36f
11964,62761920-f436-11e9-9346-000d3a38a36f
11987,671033b0-2200-11ea-ba6f-000d3a38a36f
11989,c94b82e4-e837-11e9-8bb8-000d3a38a36f
12004,ae8c7a38-5bed-11ea-bbe9-000d3a38a36f
12016,fce9d00a-6056-11ea-8dd8-000d3a38a36f
12033,de117952-9d0c-11e9-9897-000d3a38a36f
12054,80058a68-ae2a-11e9-a2fc-000d3a38a36f
12095,c4624b84-48e2-11eb-806e-000d3a38a36f
12107,75a62d94-9f06-11e9-9897-000d3a38a36f
12118,df94fb72-633c-11ea-a6dc-000d3a38a36f
12136,aa87e6ac-aeeb-11e9-a2fc-000d3a38a36f
12157,492f9cf0-6e04-11ea-84a8-000d3a38a36f
12171,76782908-a559-11e9-a2fc-000d3a38a36f
12177,62e1ea9a-5437-11ea-b1db-000d3a38a36f
12182,f985b1b6-1c4c-11ea-a490-000d3a38a36f
12212,a141ef8e-ac7f-11e9-a2fc-000d3a38a36f
12229,c5963d7c-a162-11e9-a2fc-000d3a38a36f
12263,21cd5a28-a99a-11e9-a2fc-000d3a38a36f
12282,31338d88-12d7-11ea-a001-000d3a38a36f
12293,5146467c-9d54-11e9-9897-000d3a38a36f
12298,26d4c5b4-1e8e-11eb-9dc3-000d3a38a36f
12302,ebdfc190-5b40-11ea-82aa-000d3a38a36f
12335,f82fe108-a8cd-11e9-a2fc-000d3a38a36f
12376,dcd7aeba-5bd6-11ea-8cbe-000d3a38a36f
12381,5b79d3ba-1a28-11ea-941b-000d3a38a36f
12396,c20250ea-a9f7-11e9-a2fc-000d3a38a36f
12430,c97181d8-f4ee-11e9-9346-000d3a38a36f
12438,625f40a2-5bd2-11ea-98b0-000d3a38a36f
12451,156e5a8a-1b09-11ea-a050-000d3a38a36f
12452,e8ed03cc-c539-11ea-9dde-000d3a38a36f
12480,f89bbe74-d608-11e9-93bc-000d3a38a36f
12496,7c1f0d20-b0f0-11e9-9757-000d3a38a36f
12587,5fd04efc-ddc0-11e9-a848-000d3a38a36f
12590,67c9df7a-5bb9-11ea-868c-000d3a38a36f
12634,8dba6d84-ff26-11e9-a5e8-000d3a38a36f
12648,260e68a4-46a5-11ea-b6c0-000d3a38a36f
12654,2e8fc2e4-70a2-11ea-95d1-000d3a38a36f
12706,c331c93a-d60e-11e9-93bc-000d3a38a36f
12716,f4855f02-a86d-11e9-a2fc-000d3a38a36f
12720,a646c982-a536-11e9-a2fc-000d3a38a36f
12771,66e5f51a-a0bd-11e9-a2fc-000d3a38a36f
12772,efced494-5b0e-11ea-ad4c-000d3a38a36f
12788,7eacb220-6335-11ea-a6dc-000d3a38a36f
12885,28059d2a-97eb-11ea-9d91-000d3a38a36f
12890,e15713a0-a2ad-11e9-a2fc-000d3a38a36f
12896,e6ea4f74-9e3b-11e9-9897-000d3a38a36f
12897,9f2f6fa2-a354-11e9-a2fc-000d3a38a36f
12908,baf28c02-2657-11ea-b9a0-000d3a38a36f
12939,311fcb8c-a76a-11e9-a2fc-000d3a38a36f
12947,095cb97a-2be5-11ea-91ab-000d3a38a36f
12975,4679da9e-af2c-11e9-a2fc-000d3a38a36f
12984,747df824-b096-11e9-9757-000d3a38a36f
12986,6326ea74-a11c-11e9-a2fc-000d3a38a36f
12996,83acf7ea-62da-11ea-a6dc-000d3a38a36f
13005,e7d3f8bc-740b-11ea-92d0-000d3a38a36f
13018,204ee366-e2ce-11e9-ad00-000d3a38a36f
13036,a15599ae-b3b7-11ea-8745-000d3a38a36f
13038,5e1f4944-9ef2-11e9-9897-000d3a38a36f
13061,f18bd732-ac59-11e9-a2fc-000d3a38a36f
13169,71f19792-ade8-11e9-a2fc-000d3a38a36f
13177,4409a3c0-a81f-11e9-a2fc-000d3a38a36f
13185,f967a95c-a6d9-11e9-a2fc-000d3a38a36f
13242,57c24cba-2d66-11ea-827e-000d3a38a36f
13257,13fb0e7a-a9c9-11e9-a2fc-000d3a38a36f
13258,23e4906a-a5da-11e9-a2fc-000d3a38a36f
13299,635a792a-acfc-11e9-a2fc-000d3a38a36f
13303,d07e1d76-bf7a-11eb-8ef5-000d3a38a36f
13321,75cf3d32-3d27-11ea-9e19-000d3a38a36f
13344,9b3b26f8-a3fd-11e9-a2fc-000d3a38a36f
13356,65c1af4e-b120-11e9-9757-000d3a38a36f
13382,245dd028-2b8c-11ea-853d-000d3a38a36f
13391,eb559328-5b25-11ea-bd37-000d3a38a36f
13414,d21fbe14-48f2-11ea-b6c0-000d3a38a36f
13450,bc4936aa-a74f-11e9-a2fc-000d3a38a36f
13454,dd192c56-9e57-11e9-9897-000d3a38a36f
13460,fc9ab08c-a1f3-11e9-a2fc-000d3a38a36f
13462,5a207658-aa08-11e9-a2fc-000d3a38a36f
13498,82d161c0-9e50-11e9-9897-000d3a38a36f
13503,0dd69f56-de16-11e9-957d-000d3a38a36f
13519,ccda4328-b164-11e9-89fa-000d3a38a36f
13556,9c0e0a46-fe52-11e9-a5e8-000d3a38a36f
13575,38504232-ace3-11e9-a2fc-000d3a38a36f
13578,3a89f538-aa0a-11e9-a2fc-000d3a38a36f
13585,702b5fcc-b132-11e9-9757-000d3a38a36f
13587,f4ace7f6-1880-11ea-9213-000d3a38a36f
13599,4102a3d0-afa3-11e9-9c23-000d3a38a36f
13600,6b438280-9f50-11e9-9897-000d3a38a36f
13631,e434e22e-ae0a-11e9-a2fc-000d3a38a36f
13683,3339434a-b173-11e9-89fa-000d3a38a36f
13687,73245f3e-41ac-11ea-96d9-000d3a38a36f
13691,2705ec4c-a4f6-11e9-a2fc-000d3a38a36f
13711,85892112-abb3-11e9-a2fc-000d3a38a36f
13716,f20008fa-aae2-11e9-a2fc-000d3a38a36f
13763,14f8f5a0-ff21-11e9-a5e8-000d3a38a36f
13778,fc6cf7f6-9d72-11eb-9c47-000d3a38a36f
13781,0b65fab8-b15d-11e9-89fa-000d3a38a36f
13807,163e1a5c-b10c-11e9-9757-000d3a38a36f
13810,d2185296-1efe-11ea-81ff-000d3a38a36f
13827,ae2a5f8e-ad69-11e9-a2fc-000d3a38a36f
13842,d9bdafb2-b001-11e9-9757-000d3a38a36f
13895,9380d988-c6b3-11ea-9d14-000d3a38a36f
13912,cc67f6ba-74f5-11ea-bb48-000d3a38a36f
13926,45a18ed4-f223-11e9-9346-000d3a38a36f
13928,a9b3a72c-affc-11e9-9757-000d3a38a36f
13961,d87f1ff2-6b57-11ea-9c62-000d3a38a36f
13974,f4c64950-a439-11e9-a2fc-000d3a38a36f
13981,eb397c4e-70c7-11ea-b8e4-000d3a38a36f
14014,4c17b80c-ab5f-11e9-a2fc-000d3a38a36f
14040,15f2e60e-e136-11e9-957d-000d3a38a36f
14054,645b95bc-544e-11ea-b1db-000d3a38a36f
14056,f4c7d422-70fe-11ea-ad37-000d3a38a36f
14057,3ad672ce-aa7c-11e9-a2fc-000d3a38a36f
14059,8569918e-ab23-11e9-a2fc-000d3a38a36f
14064,a9a04bce-af9c-11e9-a2fc-000d3a38a36f
14135,221fdaac-aaa6-11e9-a2fc-000d3a38a36f
14227,94a2a064-b122-11e9-9757-000d3a38a36f
14230,4e5c4d94-a24a-11e9-a2fc-000d3a38a36f
14292,d5609eda-b10e-11e9-9757-000d3a38a36f
14299,76ccf68a-a9f6-11e9-a2fc-000d3a38a36f
14316,a49f28ae-d60f-11e9-93bc-000d3a38a36f
14384,9b156e42-adf1-11e9-a2fc-000d3a38a36f
14386,2ce23392-d6cd-11e9-93bc-000d3a38a36f
14423,3aeed4b6-9d36-11e9-9897-000d3a38a36f
14460,7e0eaf58-a3fa-11e9-a2fc-000d3a38a36f
14481,38b0e81e-a584-11e9-a2fc-000d3a38a36f
14547,e486a4b2-9eea-11e9-9897-000d3a38a36f
14548,9c41f95e-a43a-11e9-a2fc-000d3a38a36f
14608,65584d06-aafe-11e9-a2fc-000d3a38a36f
14696,17ff1daa-409a-11ea-9be8-000d3a38a36f
14717,6336262c-2986-11ea-b87a-000d3a38a36f
14725,f259a768-a64d-11ea-bd63-000d3a38a36f
14751,d8d41612-fe45-11e9-a5e8-000d3a38a36f
14801,fd6f1d70-62b1-11ea-9861-000d3a38a36f
14803,377e460a-9de4-11e9-9897-000d3a38a36f
14806,2ea3a44e-219c-11ea-9618-000d3a38a36f
14830,c1a8edec-7158-11ea-adca-000d3a38a36f
14832,4e5940e8-5b51-11ea-ae74-000d3a38a36f
14849,45a8a624-88b9-11ea-9c02-000d3a38a36f
14853,ba826bfa-a33c-11e9-a2fc-000d3a38a36f
14860,9c4e7cae-fd7e-11e9-a5e8-000d3a38a36f
14929,75929738-b3c4-11ea-8745-000d3a38a36f
15002,e3fdd37c-5bcc-11ea-8df5-000d3a38a36f
15053,22e7b3f4-a878-11e9-a2fc-000d3a38a36f
15058,d7a79e4e-1afb-11ea-98d5-000d3a38a36f
15075,2b7c40ae-aa38-11e9-a2fc-000d3a38a36f
15129,b270930e-210b-11ea-b50a-000d3a38a36f
15202,e826f522-3ad9-11eb-a48e-000d3a38a36f
15235,ec64da00-f985-11e9-b138-000d3a38a36f
15245,f935f578-a5b3-11e9-a2fc-000d3a38a36f
15253,d4d4362e-a255-11e9-a2fc-000d3a38a36f
15271,00cf8494-9da2-11e9-9897-000d3a38a36f
15283,03deef66-530f-11eb-9e65-000d3a38a36f
15303,8922906a-afaf-11e9-bd15-000d3a38a36f
15306,a3d59814-1e5c-11ea-8bf2-000d3a38a36f
15389,bb069000-a36a-11e9-a2fc-000d3a38a36f
15426,0fedd40a-5bd7-11ea-8ed7-000d3a38a36f
15440,e790c6ba-b16e-11e9-89fa-000d3a38a36f
15447,e1ef71ba-a481-11e9-a2fc-000d3a38a36f
15451,207617ea-a33c-11ea-9c18-000d3a38a36f
15453,a543d69a-b172-11e9-89fa-000d3a38a36f
15495,7348e0de-ac24-11e9-a2fc-000d3a38a36f
15503,a8187b06-a523-11e9-a2fc-000d3a38a36f
15546,c94fead0-a95a-11e9-a2fc-000d3a38a36f
15566,c2142d28-253b-11ea-bf27-000d3a38a36f
15586,4d474cd4-9e4d-11e9-9897-000d3a38a36f
15611,4a7e875e-e6ce-11ea-8f44-000d3a38a36f
15618,c016d07a-a7eb-11e9-a2fc-000d3a38a36f
15633,96ce80f4-4814-11ea-b6c0-000d3a38a36f
15646,7f4c6d46-a5c7-11e9-a2fc-000d3a38a36f
15670,0dab5316-b394-11e9-a043-000d3a38a36f
15677,f738afa6-b01f-11e9-9757-000d3a38a36f
15724,03bcfdfe-b0c0-11e9-9757-000d3a38a36f
15728,3fd0e61a-a3e2-11e9-a2fc-000d3a38a36f
15822,5d23e314-a6f5-11e9-a2fc-000d3a38a36f
15924,f5b40e0e-714f-11ea-adca-000d3a38a36f
15998,613b6038-ac56-11e9-a2fc-000d3a38a36f
16018,e101681a-6648-11ea-82da-000d3a38a36f
16026,735de99c-a964-11e9-a2fc-000d3a38a36f
16029,e90a0318-23d7-11ea-8523-000d3a38a36f
16080,bb6ce738-43d3-11ea-8b43-000d3a38a36f
16133,483e2ab4-3033-11ea-bb28-000d3a38a36f
16148,b3d07334-0010-11ea-a5e8-000d3a38a36f
16165,f38d7e5a-d8a0-11e9-93bc-000d3a38a36f
16169,24d4efb2-a9c5-11e9-a2fc-000d3a38a36f
16179,06f89886-74f9-11ea-bb48-000d3a38a36f
16199,58456fbe-e04a-11e9-957d-000d3a38a36f
16221,ee17fd00-ffb6-11e9-a5e8-000d3a38a36f
16234,367de696-5461-11ea-b1db-000d3a38a36f
16263,8c0c19ce-5f06-11eb-8dbd-000d3a38a36f
16290,6f2a0194-d6eb-11e9-93bc-000d3a38a36f
16312,9f4be782-07bb-11eb-8ffc-000d3a38a36f
16315,c7c62858-2035-11ea-87bf-000d3a38a36f
16343,3767c68c-a4a6-11e9-a2fc-000d3a38a36f
16401,37f7a2e2-2d6e-11ea-9ae7-000d3a38a36f
16428,99a3994e-b09e-11e9-9757-000d3a38a36f
16433,4b13883c-615c-11eb-add3-000d3a38a36f
16471,c4f57176-aa90-11e9-a2fc-000d3a38a36f
16502,c1f93a64-d6fc-11e9-93bc-000d3a38a36f
16544,d8325f7e-ad0b-11e9-a2fc-000d3a38a36f
16550,2216337a-1947-11ea-b6a2-000d3a38a36f
16552,f3b284d8-a5a2-11e9-a2fc-000d3a38a36f
16567,366e5816-52fe-11ea-9ade-000d3a38a36f
16577,2ba60f72-94f4-11ea-85df-000d3a38a36f
16608,ccf82578-5b05-11ea-afd8-000d3a38a36f
16613,5d394b48-948c-11ea-85df-000d3a38a36f
16667,6a0b2fa2-9a32-11ea-a274-000d3a38a36f
16729,4b576ecc-b6d4-11ea-b48c-000d3a38a36f
16764,29f9273e-ecf3-11ea-9369-000d3a38a36f
16765,886d73a6-84bb-11ea-80af-000d3a38a36f
16804,65dc7d3e-5b38-11ea-bb53-000d3a38a36f
16807,68e97534-28c7-11ea-b87a-000d3a38a36f
16813,4fd60fe2-9e0e-11e9-9897-000d3a38a36f
16816,731cd056-235c-11eb-99f8-000d3a38a36f
16831,c73a4ed8-af37-11e9-a2fc-000d3a38a36f
16836,b1a2fe4e-4c53-11ea-a626-000d3a38a36f
16837,cccf55ee-8b39-11ea-8ec0-000d3a38a36f
16886,18c523d4-1a79-11ea-941b-000d3a38a36f
16889,ed4b9ed2-a5bf-11e9-a2fc-000d3a38a36f
16920,b0dfa82c-a99c-11e9-a2fc-000d3a38a36f
16945,6cdf0cd4-b1c7-11e9-89fa-000d3a38a36f
16980,31e0a40a-f3f6-11e9-9346-000d3a38a36f
16988,b5d8972c-ac2f-11e9-a2fc-000d3a38a36f
17004,eba44dac-a855-11e9-a2fc-000d3a38a36f
17022,9fb063ac-ac1c-11e9-a2fc-000d3a38a36f
17024,26c66b9e-8bc3-11ea-8ec0-000d3a38a36f
17054,5b62d27a-2c1e-11ea-91ab-000d3a38a36f
17057,0835b1e4-a933-11e9-a2fc-000d3a38a36f
17061,082e92ca-c4ed-11ea-98f7-000d3a38a36f
17075,ad4e102e-a0d0-11e9-a2fc-000d3a38a36f
17088,57eee1ea-f133-11e9-9346-000d3a38a36f
17112,d8fdf776-a822-11e9-a2fc-000d3a38a36f
17146,501e2db0-d6d3-11e9-93bc-000d3a38a36f
17147,b39a8e20-9f23-11e9-9897-000d3a38a36f
17179,f61803e0-2816-11eb-8a9b-000d3a38a36f
17217,86147f78-a564-11e9-a2fc-000d3a38a36f
17223,54ccd2fa-ac1f-11e9-a2fc-000d3a38a36f
17232,bf74ecba-5b37-11ea-9175-000d3a38a36f
17241,95ca76bc-b170-11e9-89fa-000d3a38a36f
17268,8aa34b16-abb6-11e9-a2fc-000d3a38a36f
17270,4e2b2704-a8d1-11e9-a2fc-000d3a38a36f
17283,04ed3992-c545-11ea-9dde-000d3a38a36f
17291,f7a5c242-c8ee-11ea-ac0a-000d3a38a36f
17322,7be7ed36-ac36-11e9-a2fc-000d3a38a36f
17340,324698ce-af44-11e9-a2fc-000d3a38a36f
17364,0da729c2-84df-11ea-80af-000d3a38a36f
17383,fa7c8e86-1b67-11ea-9812-000d3a38a36f
17412,e711edda-dde8-11e9-a848-000d3a38a36f
17428,ad103892-3da8-11ea-9e19-000d3a38a36f
17430,1458cb58-aefd-11e9-a2fc-000d3a38a36f
17438,37c241d2-af6b-11e9-a2fc-000d3a38a36f
17441,9571d160-b0e9-11e9-9757-000d3a38a36f
17447,90b42a28-541e-11ea-b1db-000d3a38a36f
17449,7b6bdc70-9d2f-11e9-9897-000d3a38a36f
17453,4247ff6a-ff1c-11e9-a5e8-000d3a38a36f
17480,e05f38d6-d694-11e9-93bc-000d3a38a36f
17482,272cd31e-a552-11e9-a2fc-000d3a38a36f
17559,4d23828c-a536-11e9-a2fc-000d3a38a36f
17583,39c21012-541f-11ea-b1db-000d3a38a36f
17589,485a23de-ff1b-11e9-a5e8-000d3a38a36f
17591,6a3255d4-a909-11e9-a2fc-000d3a38a36f
17633,7fd77d30-be19-11ea-aa61-000d3a38a36f
17653,07b6055a-114f-11ea-8872-000d3a38a36f
17654,5797c460-d7a6-11e9-93bc-000d3a38a36f
17672,8e5a5ad0-b0c8-11e9-9757-000d3a38a36f
17745,e8b26bec-a2ba-11e9-a2fc-000d3a38a36f
17746,e95b7ad8-7e89-11ea-80af-000d3a38a36f
17757,b2726bd4-a816-11e9-a2fc-000d3a38a36f
17783,f9aaa564-ad2c-11e9-a2fc-000d3a38a36f
17820,a6204c1e-0348-11eb-8ffc-000d3a38a36f
17825,9f99711a-1fb7-11ea-87bf-000d3a38a36f
17827,80b75358-a5b8-11e9-a2fc-000d3a38a36f
17882,60910976-e676-11e9-ad00-000d3a38a36f
17911,6f79cdac-b1e1-11e9-89fa-000d3a38a36f
17919,8133d6f2-ee07-11e9-9346-000d3a38a36f
17940,e231285e-b01a-11e9-9757-000d3a38a36f
17947,5fcd4d9e-1a95-11ea-98d5-000d3a38a36f
17967,e02051f4-ab5e-11e9-a2fc-000d3a38a36f
17992,10702b3a-a534-11e9-a2fc-000d3a38a36f
18000,1abef166-aa4d-11e9-a2fc-000d3a38a36f
18050,b0e951c8-4835-11ea-b6c0-000d3a38a36f
18070,62246b78-a54b-11e9-a2fc-000d3a38a36f
18076,1631fa66-9f7c-11e9-a2fc-000d3a38a36f
18096,d657e8a4-a73e-11e9-a2fc-000d3a38a36f
18106,60480dc4-3992-11ea-85d6-000d3a38a36f
18157,acafdd26-bbc0-11ea-9a91-000d3a38a36f
18188,096b0208-aa41-11e9-a2fc-000d3a38a36f
18189,c8a4dbf0-185d-11ea-9213-000d3a38a36f
18232,95d2a276-ac50-11e9-a2fc-000d3a38a36f
18241,662867d6-a48f-11e9-a2fc-000d3a38a36f
18253,f026533e-ab0c-11e9-a2fc-000d3a38a36f
18266,5ccaf57c-a46d-11e9-a2fc-000d3a38a36f
18317,ee567bec-aa8a-11e9-a2fc-000d3a38a36f
18331,5cc7984a-9db6-11e9-9897-000d3a38a36f
18359,b2c53d56-a13a-11e9-a2fc-000d3a38a36f
18363,e98cc966-9744-11ea-a9c8-000d3a38a36f
18389,4c72abd0-a56b-11e9-a2fc-000d3a38a36f
18447,1ccdd4d2-a326-11e9-a2fc-000d3a38a36f
18450,898c0f4c-a5da-11e9-a2fc-000d3a38a36f
18522,529964d6-97ff-11ea-9d91-000d3a38a36f
18531,1d19eabe-4774-11ea-b6c0-000d3a38a36f
18589,45e919de-29f5-11ea-87cc-000d3a38a36f
18592,c5ffc76c-a5bb-11e9-a2fc-000d3a38a36f
18603,92531d48-ad49-11e9-a2fc-000d3a38a36f
18604,05081884-3ed1-11ea-b794-000d3a38a36f
18645,e70a6778-b128-11e9-9757-000d3a38a36f
18683,a0722ff2-9ecc-11ea-80cd-000d3a38a36f
18719,88c40c7c-b07a-11e9-9757-000d3a38a36f
18787,635d1af2-5078-11ea-99ba-000d3a38a36f
18795,eca42908-afe3-11e9-9757-000d3a38a36f
18823,c1a121aa-2371-11ea-8523-000d3a38a36f
18824,2fc8cacc-5313-11ea-acd3-000d3a38a36f
18839,b29de5e2-2bac-11ea-853d-000d3a38a36f
18874,e9c13f58-b2a6-11e9-8f1b-000d3a38a36f
18907,e4efc1a2-aea0-11e9-a2fc-000d3a38a36f
18916,23dea744-23f8-11ea-8523-000d3a38a36f
18985,5218ee52-a0d7-11e9-a2fc-000d3a38a36f
19011,74b031a0-ae92-11e9-a2fc-000d3a38a36f
19019,52838e04-a11f-11e9-a2fc-000d3a38a36f
19022,3c102180-a720-11e9-a2fc-000d3a38a36f
19025,d670b55e-a6e5-11e9-a2fc-000d3a38a36f
19044,ad8432b8-b0c4-11e9-9757-000d3a38a36f
19123,1329089c-6cf3-11ea-b576-000d3a38a36f
19127,3c03d5bc-f89e-11ea-9564-000d3a38a36f
19186,4c472856-a6e8-11e9-a2fc-000d3a38a36f
19221,f48e6a1c-ff1f-11e9-a5e8-000d3a38a36f
19224,45f82aaa-6b63-11ea-9c62-000d3a38a36f
19225,8494636c-9e3d-11e9-9897-000d3a38a36f
19248,99f0fe08-4d99-11ea-9655-000d3a38a36f
19263,075aefe8-a95e-11e9-a2fc-000d3a38a36f
19310,30461612-9e28-11e9-9897-000d3a38a36f
19314,6a954f82-13e3-11ea-a001-000d3a38a36f
19329,ec9e567a-c4e3-11ea-98f7-000d3a38a36f
19344,de090c14-ae81-11e9-a2fc-000d3a38a36f
19362,c7529f3e-a518-11e9-a2fc-000d3a38a36f
19377,5a29d764-a5c8-11e9-a2fc-000d3a38a36f
19388,b3b9fd72-851f-11ea-80af-000d3a38a36f
19396,67a4d436-2352-11ea-8523-000d3a38a36f
19414,f6cc6314-4d90-11ea-9655-000d3a38a36f
19422,ca685d70-a1b8-11e9-a2fc-000d3a38a36f
19441,daf8f59c-5b0c-11ea-8f65-000d3a38a36f
19477,f3cc9f80-f7eb-11e9-841e-000d3a38a36f
19500,a83c89e2-b11c-11e9-9757-000d3a38a36f
19505,bee55d6e-f27a-11e9-9346-000d3a38a36f
19529,4f0dc53a-9d51-11ea-a27a-000d3a38a36f
19551,4a8e860e-2063-11ea-87bf-000d3a38a36f
19560,28d0803a-abc9-11e9-a2fc-000d3a38a36f
19573,151f181c-b033-11e9-9757-000d3a38a36f
19578,21088bce-b108-11e9-9757-000d3a38a36f
19596,e35a7250-ace9-11e9-a2fc-000d3a38a36f
19605,467e87e2-2d7b-11ea-9ae7-000d3a38a36f
19623,71d09f58-f260-11e9-9346-000d3a38a36f
19630,08dcdc80-60cb-11ea-8dd8-000d3a38a36f
19637,68d48176-b007-11e9-9757-000d3a38a36f
19641,2eede708-5bed-11ea-a641-000d3a38a36f
19651,3f70cc5a-9f17-11e9-9897-000d3a38a36f
19689,55fbabf4-a48d-11e9-a2fc-000d3a38a36f
19795,36deb9ca-b020-11e9-9757-000d3a38a36f
19796,b5ec1d3e-d6d6-11e9-93bc-000d3a38a36f
19808,a311d9aa-a496-11e9-a2fc-000d3a38a36f
19809,b8454b1a-4f11-11ea-99ba-000d3a38a36f
19810,67259ddc-1b2e-11ea-a050-000d3a38a36f
19843,455b20e0-2b4c-11ea-9d27-000d3a38a36f
19856,07bcae98-a81b-11e9-a2fc-000d3a38a36f
19878,e06651f8-f349-11e9-9346-000d3a38a36f
19902,ca54bf16-5317-11ea-acd3-000d3a38a36f
19913,81d0da04-a53e-11e9-a2fc-000d3a38a36f
19917,f8c471c8-2596-11eb-81e9-000d3a38a36f
19926,7e1c15be-6298-11ea-9861-000d3a38a36f
